Date,RON95_price,RON97_price,Diesel_price,series_type,Diesel_price_East,RON95_diff,RON97_diff,Diesel_diff,DieselEast_diff,RON95_rolling4,RON97_rolling4,Diesel_rolling4,DieselEast_rolling4,Year
2017-04-20,2.27,2.54,2.21,level,2.21,0.029999999999999805,0.020000000000000018,0.04999999999999982,0.04999999999999982,2.2,2.475,2.14,2.14,2017
2017-04-27,2.21,2.49,2.14,level,2.14,-0.06000000000000005,-0.04999999999999982,-0.06999999999999984,-0.06999999999999984,2.22,2.495,2.1475,2.1475,2017
2017-05-04,2.11,2.39,2.08,level,2.08,-0.10000000000000009,-0.10000000000000009,-0.06000000000000005,-0.06000000000000005,2.2075,2.4850000000000003,2.1475,2.1475,2017
2017-05-11,2.01,2.29,1.95,level,1.95,-0.10000000000000009,-0.10000000000000009,-0.13000000000000012,-0.13000000000000012,2.15,2.4275,2.095,2.095,2017
2017-05-18,2.08,2.36,1.99,level,1.99,0.07000000000000028,0.06999999999999984,0.040000000000000036,0.040000000000000036,2.1025,2.3825000000000003,2.04,2.04,2017
2017-05-25,2.12,2.4,2.03,level,2.03,0.040000000000000036,0.040000000000000036,0.039999999999999813,0.039999999999999813,2.08,2.36,2.0125,2.0125,2017
2017-06-01,2.1,2.38,2.02,level,2.02,-0.020000000000000018,-0.020000000000000018,-0.009999999999999787,-0.009999999999999787,2.0775,2.3575,1.9975,1.9975,2017
2017-06-08,2.05,2.31,1.94,level,1.94,-0.050000000000000266,-0.06999999999999984,-0.08000000000000007,-0.08000000000000007,2.0875,2.3625,1.9949999999999999,1.9949999999999999,2017
2017-06-15,1.98,2.24,1.88,level,1.88,-0.06999999999999984,-0.06999999999999984,-0.06000000000000005,-0.06000000000000005,2.0625,2.3325,1.9675,1.9675,2017
2017-06-22,1.91,2.17,1.88,level,1.88,-0.07000000000000006,-0.07000000000000028,0.0,0.0,2.01,2.275,1.93,1.93,2017
2017-06-29,1.89,2.15,1.84,level,1.84,-0.020000000000000018,-0.020000000000000018,-0.039999999999999813,-0.039999999999999813,1.9575,2.2175000000000002,1.8849999999999998,1.8849999999999998,2017
2017-07-06,1.93,2.19,1.91,level,1.91,0.040000000000000036,0.040000000000000036,0.06999999999999984,0.06999999999999984,1.9274999999999998,2.1875,1.8775,1.8775,2017
2017-07-13,1.97,2.22,1.96,level,1.96,0.040000000000000036,0.03000000000000025,0.050000000000000044,0.050000000000000044,1.9249999999999998,2.1825,1.8975,1.8975,2017
2017-07-20,1.97,2.22,1.96,level,1.96,0.0,0.0,0.0,0.0,1.94,2.1950000000000003,1.9175,1.9175,2017
2017-07-27,2.03,2.28,1.99,level,1.99,0.05999999999999983,0.05999999999999961,0.030000000000000027,0.030000000000000027,1.9749999999999999,2.2275,1.955,1.955,2017
2017-08-03,2.07,2.32,2.05,level,2.05,0.040000000000000036,0.040000000000000036,0.05999999999999983,0.05999999999999983,2.01,2.26,1.99,1.99,2017
2017-08-10,2.12,2.39,2.06,level,2.06,0.050000000000000266,0.07000000000000028,0.010000000000000231,0.010000000000000231,2.0475,2.3024999999999998,2.015,2.015,2017
2017-08-17,2.15,2.43,2.04,level,2.04,0.029999999999999805,0.040000000000000036,-0.020000000000000018,-0.020000000000000018,2.0925,2.355,2.035,2.035,2017
2017-08-24,2.15,2.43,2.01,level,2.01,0.0,0.0,-0.03000000000000025,-0.03000000000000025,2.1225,2.3925,2.04,2.04,2017
2017-08-31,2.16,2.44,2.04,level,2.04,0.010000000000000231,0.009999999999999787,0.03000000000000025,0.03000000000000025,2.145,2.4225000000000003,2.0375,2.0375,2017
2017-09-07,2.2,2.48,2.05,level,2.05,0.040000000000000036,0.040000000000000036,0.009999999999999787,0.009999999999999787,2.165,2.445,2.0349999999999997,2.0349999999999997,2017
2017-09-14,2.21,2.52,2.14,level,2.14,0.009999999999999787,0.040000000000000036,0.0900000000000003,0.0900000000000003,2.18,2.4675000000000002,2.06,2.06,2017
2017-09-21,2.19,2.49,2.1,level,2.1,-0.020000000000000018,-0.029999999999999805,-0.040000000000000036,-0.040000000000000036,2.19,2.4825,2.0825,2.0825,2017
2017-09-28,2.16,2.46,2.12,level,2.12,-0.029999999999999805,-0.03000000000000025,0.020000000000000018,0.020000000000000018,2.19,2.4875,2.1025,2.1025,2017
2017-10-05,2.19,2.49,2.17,level,2.17,0.029999999999999805,0.03000000000000025,0.04999999999999982,0.04999999999999982,2.1875,2.49,2.1325000000000003,2.1325000000000003,2017
2017-10-12,2.16,2.46,2.1,level,2.1,-0.029999999999999805,-0.03000000000000025,-0.06999999999999984,-0.06999999999999984,2.175,2.475,2.1225,2.1225,2017
2017-10-19,2.17,2.47,2.11,level,2.11,0.009999999999999787,0.010000000000000231,0.009999999999999787,0.009999999999999787,2.17,2.47,2.125,2.125,2017
2017-10-26,2.2,2.5,2.13,level,2.13,0.03000000000000025,0.029999999999999805,0.020000000000000018,0.020000000000000018,2.18,2.48,2.1275,2.1275,2017
2017-11-02,2.24,2.54,2.17,level,2.17,0.040000000000000036,0.040000000000000036,0.040000000000000036,0.040000000000000036,2.1925000000000003,2.4925,2.1275,2.1275,2017
2017-11-09,2.31,2.6,2.2,level,2.2,0.06999999999999984,0.06000000000000005,0.03000000000000025,0.03000000000000025,2.2300000000000004,2.5275,2.1525,2.1525,2017
2017-11-16,2.38,2.66,2.25,level,2.25,0.06999999999999984,0.06000000000000005,0.04999999999999982,0.04999999999999982,2.2825,2.575,2.1875,2.1875,2017
2017-11-23,2.3,2.58,2.23,level,2.23,-0.08000000000000007,-0.08000000000000007,-0.020000000000000018,-0.020000000000000018,2.3075,2.5949999999999998,2.2125,2.2125,2017
2017-11-30,2.3,2.58,2.25,level,2.25,0.0,0.0,0.020000000000000018,0.020000000000000018,2.3225,2.6050000000000004,2.2325,2.2325,2017
2017-12-07,2.29,2.57,2.21,level,2.21,-0.009999999999999787,-0.010000000000000231,-0.040000000000000036,-0.040000000000000036,2.3175,2.5975,2.2350000000000003,2.2350000000000003,2017
2017-12-14,2.25,2.52,2.2,level,2.2,-0.040000000000000036,-0.04999999999999982,-0.009999999999999787,-0.009999999999999787,2.285,2.5625,2.2225,2.2225,2017
2017-12-21,2.27,2.54,2.23,level,2.23,0.020000000000000018,0.020000000000000018,0.029999999999999805,0.029999999999999805,2.2775,2.5525,2.2225,2.2225,2017
2017-12-28,2.26,2.53,2.26,level,2.26,-0.010000000000000231,-0.010000000000000231,0.029999999999999805,0.029999999999999805,2.2675,2.54,2.225,2.225,2017
2018-01-04,2.29,2.56,2.32,level,2.32,0.03000000000000025,0.03000000000000025,0.06000000000000005,0.06000000000000005,2.2675,2.5374999999999996,2.2525,2.2525,2018
2018-01-11,2.26,2.53,2.32,level,2.32,-0.03000000000000025,-0.03000000000000025,0.0,0.0,2.27,2.54,2.2824999999999998,2.2824999999999998,2018
2018-01-18,2.3,2.57,2.32,level,2.32,0.040000000000000036,0.040000000000000036,0.0,0.0,2.2775,2.5475,2.3049999999999997,2.3049999999999997,2018
2018-01-25,2.29,2.56,2.31,level,2.31,-0.009999999999999787,-0.009999999999999787,-0.009999999999999787,-0.009999999999999787,2.285,2.555,2.3175,2.3175,2018
2018-02-01,2.31,2.58,2.34,level,2.34,0.020000000000000018,0.020000000000000018,0.029999999999999805,0.029999999999999805,2.29,2.56,2.3225,2.3225,2018
2018-02-08,2.33,2.61,2.31,level,2.31,0.020000000000000018,0.029999999999999805,-0.029999999999999805,-0.029999999999999805,2.3075,2.58,2.32,2.32,2018
2018-02-15,2.23,2.5,2.19,level,2.19,-0.10000000000000009,-0.10999999999999988,-0.1200000000000001,-0.1200000000000001,2.29,2.5625,2.2875,2.2875,2018
2018-02-22,2.17,2.43,2.13,level,2.13,-0.06000000000000005,-0.06999999999999984,-0.06000000000000005,-0.06000000000000005,2.26,2.53,2.2424999999999997,2.2424999999999997,2018
2018-03-01,2.2,2.47,2.18,level,2.18,0.03000000000000025,0.040000000000000036,0.050000000000000266,0.050000000000000266,2.2325,2.5025,2.2024999999999997,2.2024999999999997,2018
2018-03-08,2.21,2.47,2.17,level,2.17,0.009999999999999787,0.0,-0.010000000000000231,-0.010000000000000231,2.2025,2.4675000000000002,2.1675,2.1675,2018
2018-03-15,2.18,2.45,2.16,level,2.16,-0.029999999999999805,-0.020000000000000018,-0.009999999999999787,-0.009999999999999787,2.19,2.455,2.16,2.16,2018
2018-03-22,2.2,2.47,2.18,level,2.18,0.020000000000000018,0.020000000000000018,0.020000000000000018,0.020000000000000018,2.1975,2.4650000000000003,2.1725,2.1725,2018
2018-03-29,2.2,2.47,2.18,level,2.18,0.0,0.0,0.0,0.0,2.1975000000000002,2.4650000000000003,2.1725000000000003,2.1725000000000003,2018
2018-04-05,2.2,2.47,2.18,level,2.18,0.0,0.0,0.0,0.0,2.1950000000000003,2.465,2.1750000000000003,2.1750000000000003,2018
2018-04-12,2.2,2.47,2.18,level,2.18,0.0,0.0,0.0,0.0,2.2,2.47,2.18,2.18,2018
2018-04-19,2.2,2.47,2.18,level,2.18,0.0,0.0,0.0,0.0,2.2,2.47,2.18,2.18,2018
2018-04-26,2.2,2.47,2.18,level,2.18,0.0,0.0,0.0,0.0,2.2,2.47,2.18,2.18,2018
2018-05-03,2.2,2.47,2.18,level,2.18,0.0,0.0,0.0,0.0,2.2,2.47,2.18,2.18,2018
2018-05-10,2.2,2.47,2.18,level,2.18,0.0,0.0,0.0,0.0,2.2,2.47,2.18,2.18,2018
2018-06-07,2.2,2.66,2.18,level,2.18,0.0,0.18999999999999995,0.0,0.0,2.2,2.5175,2.18,2.18,2018
2018-06-14,2.2,2.6,2.18,level,2.18,0.0,-0.06000000000000005,0.0,0.0,2.2,2.55,2.18,2.18,2018
2018-06-21,2.2,2.59,2.18,level,2.18,0.0,-0.010000000000000231,0.0,0.0,2.2,2.58,2.18,2.18,2018
2018-06-28,2.2,2.5,2.18,level,2.18,0.0,-0.08999999999999986,0.0,0.0,2.2,2.5875,2.18,2.18,2018
2018-07-05,2.2,2.58,2.18,level,2.18,0.0,0.08000000000000007,0.0,0.0,2.2,2.5675,2.18,2.18,2018
2018-07-12,2.2,2.59,2.18,level,2.18,0.0,0.009999999999999787,0.0,0.0,2.2,2.565,2.18,2.18,2018
2018-07-19,2.2,2.56,2.18,level,2.18,0.0,-0.029999999999999805,0.0,0.0,2.2,2.5575,2.18,2.18,2018
2018-07-26,2.2,2.54,2.18,level,2.18,0.0,-0.020000000000000018,0.0,0.0,2.2,2.5675,2.18,2.18,2018
2018-08-02,2.2,2.64,2.18,level,2.18,0.0,0.10000000000000009,0.0,0.0,2.2,2.5825,2.18,2.18,2018
2018-08-09,2.2,2.61,2.18,level,2.18,0.0,-0.03000000000000025,0.0,0.0,2.2,2.5875,2.18,2.18,2018
2018-08-16,2.2,2.65,2.18,level,2.18,0.0,0.040000000000000036,0.0,0.0,2.2,2.61,2.18,2.18,2018
2018-08-23,2.2,2.65,2.18,level,2.18,0.0,0.0,0.0,0.0,2.2,2.6375,2.18,2.18,2018
2018-08-30,2.2,2.69,2.18,level,2.18,0.0,0.040000000000000036,0.0,0.0,2.2,2.65,2.18,2.18,2018
2018-10-01,2.2,2.79,2.18,level,2.18,0.0,0.10000000000000009,0.0,0.0,2.2,2.6950000000000003,2.18,2.18,2018
2018-11-01,2.2,2.81,2.18,level,2.18,0.0,0.020000000000000018,0.0,0.0,2.2,2.735,2.18,2.18,2018
2018-12-01,2.2,2.5,2.18,level,2.18,0.0,-0.31000000000000005,0.0,0.0,2.2,2.6975,2.18,2.18,2018
2019-01-01,2.2,2.5,2.18,level,2.18,0.0,0.0,0.0,0.0,2.2,2.65,2.18,2.18,2019
2019-01-05,1.93,2.23,2.04,level,2.04,-0.27000000000000024,-0.27,-0.14000000000000012,-0.14000000000000012,2.1325000000000003,2.51,2.145,2.145,2019
2019-01-12,1.92,2.22,2.05,level,2.05,-0.010000000000000009,-0.009999999999999787,0.009999999999999787,0.009999999999999787,2.0625,2.3625,2.1125000000000003,2.1125000000000003,2019
2019-01-19,1.98,2.28,2.17,level,2.17,0.06000000000000005,0.05999999999999961,0.1200000000000001,0.1200000000000001,2.0075,2.3075,2.11,2.11,2019
2019-01-26,1.98,2.28,2.18,level,2.18,0.0,0.0,0.010000000000000231,0.010000000000000231,1.9525,2.2525,2.1100000000000003,2.1100000000000003,2019
2019-02-02,1.93,2.23,2.18,level,2.18,-0.050000000000000044,-0.04999999999999982,0.0,0.0,1.9525000000000001,2.2525,2.145,2.145,2019
2019-02-09,1.97,2.27,2.18,level,2.18,0.040000000000000036,0.040000000000000036,0.0,0.0,1.965,2.2649999999999997,2.1775,2.1775,2019
2019-02-16,1.98,2.28,2.18,level,2.18,0.010000000000000009,0.009999999999999787,0.0,0.0,1.9649999999999999,2.2649999999999997,2.18,2.18,2019
2019-02-23,2.08,2.38,2.18,level,2.18,0.10000000000000009,0.10000000000000009,0.0,0.0,1.99,2.29,2.18,2.18,2019
2019-03-02,2.08,2.43,2.18,level,2.18,0.0,0.050000000000000266,0.0,0.0,2.0275,2.34,2.18,2.18,2019
2019-03-09,2.08,2.46,2.18,level,2.18,0.0,0.029999999999999805,0.0,0.0,2.0549999999999997,2.3875,2.18,2.18,2019
2019-03-16,2.08,2.54,2.18,level,2.18,0.0,0.08000000000000007,0.0,0.0,2.08,2.4525,2.18,2.18,2019
2019-03-23,2.08,2.61,2.18,level,2.18,0.0,0.06999999999999984,0.0,0.0,2.08,2.51,2.18,2.18,2019
2019-03-30,2.08,2.63,2.18,level,2.18,0.0,0.020000000000000018,0.0,0.0,2.08,2.56,2.18,2.18,2019
2019-04-06,2.08,2.63,2.18,level,2.18,0.0,0.0,0.0,0.0,2.08,2.6025,2.18,2.18,2019
2019-04-13,2.08,2.68,2.18,level,2.18,0.0,0.050000000000000266,0.0,0.0,2.08,2.6375,2.18,2.18,2019
2019-04-20,2.08,2.8,2.18,level,2.18,0.0,0.11999999999999966,0.0,0.0,2.08,2.685,2.18,2.18,2019
2019-04-27,2.08,2.81,2.18,level,2.18,0.0,0.010000000000000231,0.0,0.0,2.08,2.7299999999999995,2.18,2.18,2019
2019-05-04,2.08,2.8,2.18,level,2.18,0.0,-0.010000000000000231,0.0,0.0,2.08,2.7725,2.18,2.18,2019
2019-05-11,2.08,2.7,2.18,level,2.18,0.0,-0.09999999999999964,0.0,0.0,2.08,2.7775,2.18,2.18,2019
2019-05-18,2.08,2.68,2.18,level,2.18,0.0,-0.020000000000000018,0.0,0.0,2.08,2.7475,2.18,2.18,2019
2019-05-25,2.08,2.76,2.18,level,2.18,0.0,0.07999999999999963,0.0,0.0,2.08,2.735,2.18,2.18,2019
2019-06-01,2.08,2.63,2.18,level,2.18,0.0,-0.1299999999999999,0.0,0.0,2.08,2.6925,2.18,2.18,2019
2019-06-15,2.08,2.41,2.18,level,2.18,0.0,-0.21999999999999975,0.0,0.0,2.08,2.62,2.18,2.18,2019
2019-06-22,2.08,2.38,2.18,level,2.18,0.0,-0.03000000000000025,0.0,0.0,2.08,2.545,2.18,2.18,2019
2019-06-29,2.08,2.49,2.18,level,2.18,0.0,0.11000000000000032,0.0,0.0,2.08,2.4775,2.18,2.18,2019
2019-07-06,2.08,2.53,2.18,level,2.18,0.0,0.03999999999999959,0.0,0.0,2.08,2.4525,2.18,2.18,2019
2019-07-13,2.08,2.57,2.18,level,2.18,0.0,0.040000000000000036,0.0,0.0,2.08,2.4925,2.18,2.18,2019
2019-07-20,2.08,2.67,2.18,level,2.18,0.0,0.10000000000000009,0.0,0.0,2.08,2.565,2.18,2.18,2019
2019-07-27,2.08,2.56,2.18,level,2.18,0.0,-0.10999999999999988,0.0,0.0,2.08,2.5824999999999996,2.18,2.18,2019
2019-08-03,2.08,2.54,2.18,level,2.18,0.0,-0.020000000000000018,0.0,0.0,2.08,2.585,2.18,2.18,2019
2019-08-10,2.08,2.49,2.18,level,2.18,0.0,-0.04999999999999982,0.0,0.0,2.08,2.565,2.18,2.18,2019
2019-08-17,2.08,2.49,2.18,level,2.18,0.0,0.0,0.0,0.0,2.08,2.52,2.18,2.18,2019
2019-08-24,2.08,2.51,2.18,level,2.18,0.0,0.019999999999999574,0.0,0.0,2.08,2.5075000000000003,2.18,2.18,2019
2019-08-31,2.08,2.5,2.18,level,2.18,0.0,-0.009999999999999787,0.0,0.0,2.08,2.4975,2.18,2.18,2019
2019-09-07,2.08,2.5,2.18,level,2.18,0.0,0.0,0.0,0.0,2.08,2.5,2.18,2.18,2019
2019-09-14,2.08,2.53,2.18,level,2.18,0.0,0.029999999999999805,0.0,0.0,2.08,2.51,2.18,2.18,2019
2019-09-21,2.08,2.67,2.18,level,2.18,0.0,0.14000000000000012,0.0,0.0,2.08,2.55,2.18,2.18,2019
2019-09-28,2.08,2.79,2.18,level,2.18,0.0,0.1200000000000001,0.0,0.0,2.08,2.6225,2.18,2.18,2019
2019-10-05,2.08,2.6,2.18,level,2.18,0.0,-0.18999999999999995,0.0,0.0,2.08,2.6475,2.18,2.18,2019
2019-10-12,2.08,2.67,2.18,level,2.18,0.0,0.06999999999999984,0.0,0.0,2.08,2.6825,2.18,2.18,2019
2019-10-19,2.08,2.68,2.18,level,2.18,0.0,0.010000000000000231,0.0,0.0,2.08,2.685,2.18,2.18,2019
2019-10-26,2.08,2.59,2.18,level,2.18,0.0,-0.0900000000000003,0.0,0.0,2.08,2.635,2.18,2.18,2019
2019-11-02,2.08,2.56,2.18,level,2.18,0.0,-0.029999999999999805,0.0,0.0,2.08,2.625,2.18,2.18,2019
2019-11-09,2.08,2.57,2.18,level,2.18,0.0,0.009999999999999787,0.0,0.0,2.08,2.6,2.18,2.18,2019
2019-11-16,2.08,2.7,2.18,level,2.18,0.0,0.13000000000000034,0.0,0.0,2.08,2.605,2.18,2.18,2019
2019-11-23,2.08,2.66,2.18,level,2.18,0.0,-0.040000000000000036,0.0,0.0,2.08,2.6225,2.18,2.18,2019
2019-11-30,2.08,2.66,2.18,level,2.18,0.0,0.0,0.0,0.0,2.08,2.6475,2.18,2.18,2019
2019-12-07,2.08,2.64,2.18,level,2.18,0.0,-0.020000000000000018,0.0,0.0,2.08,2.665,2.18,2.18,2019
2019-12-14,2.08,2.64,2.18,level,2.18,0.0,0.0,0.0,0.0,2.08,2.6500000000000004,2.18,2.18,2019
2019-12-21,2.08,2.58,2.18,level,2.18,0.0,-0.06000000000000005,0.0,0.0,2.08,2.6300000000000003,2.18,2.18,2019
2019-12-28,2.08,2.63,2.18,level,2.18,0.0,0.04999999999999982,0.0,0.0,2.08,2.6225,2.18,2.18,2019
2020-01-04,2.08,2.65,2.18,level,2.18,0.0,0.020000000000000018,0.0,0.0,2.08,2.625,2.18,2.18,2020
2020-01-11,2.08,2.62,2.18,level,2.18,0.0,-0.029999999999999805,0.0,0.0,2.08,2.62,2.18,2.18,2020
2020-01-18,2.08,2.53,2.18,level,2.18,0.0,-0.0900000000000003,0.0,0.0,2.08,2.6075,2.18,2.18,2020
2020-01-25,2.08,2.49,2.18,level,2.18,0.0,-0.03999999999999959,0.0,0.0,2.08,2.5725000000000002,2.18,2.18,2020
2020-02-01,2.08,2.41,2.18,level,2.18,0.0,-0.08000000000000007,0.0,0.0,2.08,2.5125,2.18,2.18,2020
2020-02-08,2.04,2.34,2.08,level,2.08,-0.040000000000000036,-0.07000000000000028,-0.10000000000000009,-0.10000000000000009,2.0700000000000003,2.4425,2.1550000000000002,2.1550000000000002,2020
2020-02-15,2.06,2.36,2.14,level,2.14,0.020000000000000018,0.020000000000000018,0.06000000000000005,0.06000000000000005,2.065,2.4000000000000004,2.145,2.145,2020
2020-02-22,2.08,2.38,2.14,level,2.14,0.020000000000000018,0.020000000000000018,0.0,0.0,2.065,2.3725,2.1350000000000002,2.1350000000000002,2020
2020-02-29,2.08,2.4,2.13,level,2.13,0.0,0.020000000000000018,-0.010000000000000231,-0.010000000000000231,2.065,2.37,2.1225,2.1225,2020
2020-03-07,1.89,2.19,1.96,level,1.96,-0.19000000000000017,-0.20999999999999996,-0.16999999999999993,-0.16999999999999993,2.0275,2.3325,2.0925000000000002,2.0925000000000002,2020
2020-03-14,1.82,2.1,1.87,level,1.87,-0.06999999999999984,-0.08999999999999986,-0.08999999999999986,-0.08999999999999986,1.9674999999999998,2.2675,2.025,2.025,2020
2020-03-21,1.44,1.74,1.75,level,1.75,-0.3800000000000001,-0.3600000000000001,-0.1200000000000001,-0.1200000000000001,1.8074999999999999,2.1075,1.9275,1.9275,2020
2020-03-28,1.38,1.68,1.68,level,1.68,-0.06000000000000005,-0.06000000000000005,-0.07000000000000006,-0.07000000000000006,1.6325,1.9274999999999998,1.815,1.815,2020
2020-04-04,1.3,1.6,1.58,level,1.58,-0.07999999999999985,-0.07999999999999985,-0.09999999999999987,-0.09999999999999987,1.4849999999999999,1.78,1.72,1.72,2020
2020-04-11,1.25,1.55,1.46,level,1.46,-0.050000000000000044,-0.050000000000000044,-0.1200000000000001,-0.1200000000000001,1.3424999999999998,1.6424999999999998,1.6175,1.6175,2020
2020-04-18,1.25,1.55,1.43,level,1.43,0.0,0.0,-0.030000000000000027,-0.030000000000000027,1.295,1.5950000000000002,1.5375,1.5375,2020
2020-04-25,1.25,1.55,1.4,level,1.4,0.0,0.0,-0.030000000000000027,-0.030000000000000027,1.2625,1.5625000000000002,1.4675,1.4675,2020
2020-05-02,1.25,1.55,1.4,level,1.4,0.0,0.0,0.0,0.0,1.25,1.55,1.4224999999999999,1.4224999999999999,2020
2020-05-09,1.25,1.55,1.4,level,1.4,0.0,0.0,0.0,0.0,1.25,1.55,1.4075,1.4075,2020
2020-05-16,1.31,1.61,1.45,level,1.45,0.06000000000000005,0.06000000000000005,0.050000000000000044,0.050000000000000044,1.2650000000000001,1.5650000000000002,1.4124999999999999,1.4124999999999999,2020
2020-05-23,1.38,1.68,1.51,level,1.51,0.06999999999999984,0.06999999999999984,0.06000000000000005,0.06000000000000005,1.2975,1.5975,1.44,1.44,2020
2020-05-30,1.43,1.73,1.61,level,1.61,0.050000000000000044,0.050000000000000044,0.10000000000000009,0.10000000000000009,1.3425,1.6425,1.4925,1.4925,2020
2020-06-06,1.48,1.78,1.63,level,1.63,0.050000000000000044,0.050000000000000044,0.019999999999999796,0.019999999999999796,1.4,1.7000000000000002,1.55,1.55,2020
2020-06-13,1.56,1.86,1.73,level,1.73,0.08000000000000007,0.08000000000000007,0.10000000000000009,0.10000000000000009,1.4625,1.7625,1.6199999999999999,1.6199999999999999,2020
2020-06-20,1.59,1.89,1.77,level,1.77,0.030000000000000027,0.029999999999999805,0.040000000000000036,0.040000000000000036,1.515,1.815,1.685,1.685,2020
2020-06-27,1.69,1.99,1.86,level,1.86,0.09999999999999987,0.10000000000000009,0.09000000000000008,0.09000000000000008,1.58,1.88,1.7475,1.7475,2020
2020-07-04,1.65,1.95,1.84,level,1.84,-0.040000000000000036,-0.040000000000000036,-0.020000000000000018,-0.020000000000000018,1.6224999999999998,1.9225,1.8,1.8,2020
2020-07-11,1.72,2.02,1.87,level,1.87,0.07000000000000006,0.07000000000000006,0.030000000000000027,0.030000000000000027,1.6625,1.9625,1.8350000000000002,1.8350000000000002,2020
2020-07-18,1.72,2.02,1.87,level,1.87,0.0,0.0,0.0,0.0,1.695,1.9949999999999999,1.86,1.86,2020
2020-07-25,1.68,1.98,1.82,level,1.82,-0.040000000000000036,-0.040000000000000036,-0.050000000000000044,-0.050000000000000044,1.6925,1.9925000000000002,1.85,1.85,2020
2020-08-01,1.68,1.98,1.83,level,1.83,0.0,0.0,0.010000000000000009,0.010000000000000009,1.7,2.0,1.8475000000000001,1.8475000000000001,2020
2020-08-08,1.63,1.93,1.79,level,1.79,-0.050000000000000044,-0.050000000000000044,-0.040000000000000036,-0.040000000000000036,1.6775,1.9775,1.8275000000000001,1.8275000000000001,2020
2020-08-15,1.68,1.98,1.82,level,1.82,0.050000000000000044,0.050000000000000044,0.030000000000000027,0.030000000000000027,1.6675,1.9675,1.815,1.815,2020
2020-08-22,1.71,2.01,1.8,level,1.8,0.030000000000000027,0.029999999999999805,-0.020000000000000018,-0.020000000000000018,1.6749999999999998,1.975,1.81,1.81,2020
2020-08-29,1.72,2.02,1.78,level,1.78,0.010000000000000009,0.010000000000000231,-0.020000000000000018,-0.020000000000000018,1.685,1.9849999999999999,1.7974999999999999,1.7974999999999999,2020
2020-09-05,1.71,2.01,1.78,level,1.78,-0.010000000000000009,-0.010000000000000231,0.0,0.0,1.705,2.005,1.7950000000000002,1.7950000000000002,2020
2020-09-12,1.66,1.96,1.72,level,1.72,-0.050000000000000044,-0.04999999999999982,-0.06000000000000005,-0.06000000000000005,1.7000000000000002,2.0,1.77,1.77,2020
2020-09-19,1.63,1.93,1.67,level,1.67,-0.030000000000000027,-0.030000000000000027,-0.050000000000000044,-0.050000000000000044,1.6799999999999997,1.98,1.7374999999999998,1.7374999999999998,2020
2020-09-26,1.68,1.98,1.71,level,1.71,0.050000000000000044,0.050000000000000044,0.040000000000000036,0.040000000000000036,1.67,1.97,1.72,1.72,2020
2020-10-03,1.71,2.01,1.7,level,1.7,0.030000000000000027,0.029999999999999805,-0.010000000000000009,-0.010000000000000009,1.67,1.9699999999999998,1.7,1.7,2020
2020-10-10,1.67,1.97,1.69,level,1.69,-0.040000000000000036,-0.039999999999999813,-0.010000000000000009,-0.010000000000000009,1.6724999999999999,1.9725,1.6925,1.6925,2020
2020-10-17,1.68,1.98,1.74,level,1.74,0.010000000000000009,0.010000000000000009,0.050000000000000044,0.050000000000000044,1.685,1.9849999999999999,1.71,1.71,2020
2020-10-24,1.64,1.94,1.74,level,1.74,-0.040000000000000036,-0.040000000000000036,0.0,0.0,1.6749999999999998,1.9749999999999999,1.7175,1.7175,2020
2020-10-31,1.64,1.94,1.74,level,1.74,0.0,0.0,0.0,0.0,1.6574999999999998,1.9575,1.7275,1.7275,2020
2020-11-07,1.61,1.91,1.68,level,1.68,-0.029999999999999805,-0.030000000000000027,-0.06000000000000005,-0.06000000000000005,1.6424999999999998,1.9425,1.725,1.725,2020
2020-11-14,1.62,1.92,1.74,level,1.74,0.010000000000000009,0.010000000000000009,0.06000000000000005,0.06000000000000005,1.6275,1.9274999999999998,1.725,1.725,2020
2020-11-21,1.64,1.94,1.81,level,1.81,0.019999999999999796,0.020000000000000018,0.07000000000000006,0.07000000000000006,1.6275,1.9275,1.7425,1.7425,2020
2020-11-28,1.67,1.97,1.85,level,1.85,0.030000000000000027,0.030000000000000027,0.040000000000000036,0.040000000000000036,1.6349999999999998,1.9349999999999998,1.77,1.77,2020
2020-12-05,1.7,2.0,1.9,level,1.9,0.030000000000000027,0.030000000000000027,0.04999999999999982,0.04999999999999982,1.6575,1.9575,1.825,1.825,2020
2020-12-12,1.73,2.03,1.93,level,1.93,0.030000000000000027,0.029999999999999805,0.030000000000000027,0.030000000000000027,1.685,1.9849999999999999,1.8725,1.8725,2020
2020-12-19,1.78,2.08,1.96,level,1.96,0.050000000000000044,0.050000000000000266,0.030000000000000027,0.030000000000000027,1.7199999999999998,2.02,1.9100000000000001,1.9100000000000001,2020
2020-12-26,1.8,2.1,1.98,level,1.98,0.020000000000000018,0.020000000000000018,0.020000000000000018,0.020000000000000018,1.7525,2.0525,1.9425,1.9425,2020
2021-01-02,1.84,2.14,2.01,level,2.01,0.040000000000000036,0.040000000000000036,0.029999999999999805,0.029999999999999805,1.7875,2.0875,1.97,1.97,2021
2021-01-09,1.84,2.14,2.02,level,2.02,0.0,0.0,0.010000000000000231,0.010000000000000231,1.815,2.115,1.9924999999999997,1.9924999999999997,2021
2021-01-16,1.89,2.19,2.05,level,2.05,0.04999999999999982,0.04999999999999982,0.029999999999999805,0.029999999999999805,1.8425000000000002,2.1425,2.015,2.015,2021
2021-01-23,1.9,2.2,2.09,level,2.09,0.010000000000000009,0.010000000000000231,0.040000000000000036,0.040000000000000036,1.8675,2.1675,2.0425,2.0425,2021
2021-01-30,1.9,2.2,2.07,level,2.07,0.0,0.0,-0.020000000000000018,-0.020000000000000018,1.8824999999999998,2.1825,2.0575,2.0575,2021
2021-02-06,1.93,2.23,2.11,level,2.11,0.030000000000000027,0.029999999999999805,0.040000000000000036,0.040000000000000036,1.905,2.205,2.08,2.08,2021
2021-02-13,1.96,2.26,2.15,level,2.15,0.030000000000000027,0.029999999999999805,0.040000000000000036,0.040000000000000036,1.9225,2.2225,2.1049999999999995,2.1049999999999995,2021
2021-02-20,2.0,2.3,2.15,level,2.15,0.040000000000000036,0.040000000000000036,0.0,0.0,1.9475,2.2474999999999996,2.1199999999999997,2.1199999999999997,2021
2021-02-27,2.05,2.35,2.15,level,2.15,0.04999999999999982,0.050000000000000266,0.0,0.0,1.985,2.285,2.1399999999999997,2.1399999999999997,2021
2021-03-04,2.05,2.35,2.15,level,2.15,0.0,0.0,0.0,0.0,2.0149999999999997,2.315,2.15,2.15,2021
2021-03-11,2.05,2.4,2.15,level,2.15,0.0,0.04999999999999982,0.0,0.0,2.0374999999999996,2.35,2.15,2.15,2021
2021-03-18,2.05,2.47,2.15,level,2.15,0.0,0.07000000000000028,0.0,0.0,2.05,2.3925,2.15,2.15,2021
2021-03-25,2.05,2.5,2.15,level,2.15,0.0,0.029999999999999805,0.0,0.0,2.05,2.43,2.15,2.15,2021
2021-04-01,2.05,2.52,2.15,level,2.15,0.0,0.020000000000000018,0.0,0.0,2.05,2.4725,2.15,2.15,2021
2021-04-08,2.05,2.54,2.15,level,2.15,0.0,0.020000000000000018,0.0,0.0,2.05,2.5075,2.15,2.15,2021
2021-04-15,2.05,2.54,2.15,level,2.15,0.0,0.0,0.0,0.0,2.05,2.525,2.15,2.15,2021
2021-04-22,2.05,2.58,2.15,level,2.15,0.0,0.040000000000000036,0.0,0.0,2.05,2.545,2.15,2.15,2021
2021-04-29,2.05,2.58,2.15,level,2.15,0.0,0.0,0.0,0.0,2.05,2.56,2.15,2.15,2021
2021-05-06,2.05,2.6,2.15,level,2.15,0.0,0.020000000000000018,0.0,0.0,2.05,2.575,2.15,2.15,2021
2021-05-13,2.05,2.6,2.15,level,2.15,0.0,0.0,0.0,0.0,2.05,2.5900000000000003,2.15,2.15,2021
2021-05-20,2.05,2.61,2.15,level,2.15,0.0,0.009999999999999787,0.0,0.0,2.05,2.5975,2.15,2.15,2021
2021-05-27,2.05,2.61,2.15,level,2.15,0.0,0.0,0.0,0.0,2.05,2.605,2.15,2.15,2021
2021-06-03,2.05,2.63,2.15,level,2.15,0.0,0.020000000000000018,0.0,0.0,2.05,2.6125,2.15,2.15,2021
2021-06-10,2.05,2.65,2.15,level,2.15,0.0,0.020000000000000018,0.0,0.0,2.05,2.625,2.15,2.15,2021
2021-06-17,2.05,2.67,2.15,level,2.15,0.0,0.020000000000000018,0.0,0.0,2.05,2.6399999999999997,2.15,2.15,2021
2021-06-24,2.05,2.67,2.15,level,2.15,0.0,0.0,0.0,0.0,2.05,2.6550000000000002,2.15,2.15,2021
2021-07-01,2.05,2.69,2.15,level,2.15,0.0,0.020000000000000018,0.0,0.0,2.05,2.67,2.15,2.15,2021
2021-07-08,2.05,2.7,2.15,level,2.15,0.0,0.010000000000000231,0.0,0.0,2.05,2.6825,2.15,2.15,2021
2021-07-15,2.05,2.73,2.15,level,2.15,0.0,0.029999999999999805,0.0,0.0,2.05,2.6975,2.15,2.15,2021
2021-07-22,2.05,2.73,2.15,level,2.15,0.0,0.0,0.0,0.0,2.05,2.7125000000000004,2.15,2.15,2021
2021-07-28,2.05,2.74,2.15,level,2.15,0.0,0.010000000000000231,0.0,0.0,2.05,2.725,2.15,2.15,2021
2021-08-05,2.05,2.74,2.15,level,2.15,0.0,0.0,0.0,0.0,2.05,2.7350000000000003,2.15,2.15,2021
2021-08-12,2.05,2.74,2.15,level,2.15,0.0,0.0,0.0,0.0,2.05,2.7375000000000003,2.15,2.15,2021
2021-08-19,2.05,2.74,2.15,level,2.15,0.0,0.0,0.0,0.0,2.05,2.74,2.15,2.15,2021
2021-08-26,2.05,2.72,2.15,level,2.15,0.0,-0.020000000000000018,0.0,0.0,2.05,2.7350000000000003,2.15,2.15,2021
2021-09-02,2.05,2.72,2.15,level,2.15,0.0,0.0,0.0,0.0,2.05,2.73,2.15,2.15,2021
2021-09-09,2.05,2.73,2.15,level,2.15,0.0,0.009999999999999787,0.0,0.0,2.05,2.7275,2.15,2.15,2021
2021-09-16,2.05,2.73,2.15,level,2.15,0.0,0.0,0.0,0.0,2.05,2.725,2.15,2.15,2021
2021-09-23,2.05,2.75,2.15,level,2.15,0.0,0.020000000000000018,0.0,0.0,2.05,2.7325,2.15,2.15,2021
2021-09-30,2.05,2.76,2.15,level,2.15,0.0,0.009999999999999787,0.0,0.0,2.05,2.7425,2.15,2.15,2021
2021-10-07,2.05,2.77,2.15,level,2.15,0.0,0.010000000000000231,0.0,0.0,2.05,2.7525,2.15,2.15,2021
2021-10-14,2.05,2.87,2.15,level,2.15,0.0,0.10000000000000009,0.0,0.0,2.05,2.7874999999999996,2.15,2.15,2021
2021-10-21,2.05,2.87,2.15,level,2.15,0.0,0.0,0.0,0.0,2.05,2.8175,2.15,2.15,2021
2021-10-28,2.05,2.97,2.15,level,2.15,0.0,0.10000000000000009,0.0,0.0,2.05,2.87,2.15,2.15,2021
2021-11-04,2.05,3.06,2.15,level,2.15,0.0,0.08999999999999986,0.0,0.0,2.05,2.9425,2.15,2.15,2021
2021-11-11,2.05,3.08,2.15,level,2.15,0.0,0.020000000000000018,0.0,0.0,2.05,2.995,2.15,2.15,2021
2021-11-18,2.05,3.08,2.15,level,2.15,0.0,0.0,0.0,0.0,2.05,3.0475000000000003,2.15,2.15,2021
2021-11-25,2.05,3.05,2.15,level,2.15,0.0,-0.03000000000000025,0.0,0.0,2.05,3.0675,2.15,2.15,2021
2021-12-02,2.05,3.02,2.15,level,2.15,0.0,-0.029999999999999805,0.0,0.0,2.05,3.0575,2.15,2.15,2021
2021-12-09,2.05,2.99,2.15,level,2.15,0.0,-0.029999999999999805,0.0,0.0,2.05,3.0349999999999997,2.15,2.15,2021
2021-12-16,2.05,3.0,2.15,level,2.15,0.0,0.009999999999999787,0.0,0.0,2.05,3.0149999999999997,2.15,2.15,2021
2021-12-23,2.05,2.99,2.15,level,2.15,0.0,-0.009999999999999787,0.0,0.0,2.05,3.0,2.15,2.15,2021
2021-12-30,2.05,3.0,2.15,level,2.15,0.0,0.009999999999999787,0.0,0.0,2.05,2.995,2.15,2.15,2021
2022-01-06,2.05,3.03,2.15,level,2.15,0.0,0.029999999999999805,0.0,0.0,2.05,3.005,2.15,2.15,2022
2022-01-13,2.05,3.07,2.15,level,2.15,0.0,0.040000000000000036,0.0,0.0,2.05,3.0225,2.15,2.15,2022
2022-01-20,2.05,3.07,2.15,level,2.15,0.0,0.0,0.0,0.0,2.05,3.0425,2.15,2.15,2022
2022-01-27,2.05,3.12,2.15,level,2.15,0.0,0.050000000000000266,0.0,0.0,2.05,3.0725,2.15,2.15,2022
2022-02-03,2.05,3.12,2.15,level,2.15,0.0,0.0,0.0,0.0,2.05,3.0949999999999998,2.15,2.15,2022
2022-02-10,2.05,3.21,2.15,level,2.15,0.0,0.08999999999999986,0.0,0.0,2.05,3.13,2.15,2.15,2022
2022-02-17,2.05,3.27,2.15,level,2.15,0.0,0.06000000000000005,0.0,0.0,2.05,3.18,2.15,2.15,2022
2022-02-24,2.05,3.29,2.15,level,2.15,0.0,0.020000000000000018,0.0,0.0,2.05,3.2225,2.15,2.15,2022
2022-03-03,2.05,3.45,2.15,level,2.15,0.0,0.16000000000000014,0.0,0.0,2.05,3.305,2.15,2.15,2022
2022-03-10,2.05,3.75,2.15,level,2.15,0.0,0.2999999999999998,0.0,0.0,2.05,3.4400000000000004,2.15,2.15,2022
2022-03-17,2.05,4.0,2.15,level,2.15,0.0,0.25,0.0,0.0,2.05,3.6225,2.15,2.15,2022
2022-03-24,2.05,3.83,2.15,level,2.15,0.0,-0.16999999999999993,0.0,0.0,2.05,3.7575000000000003,2.15,2.15,2022
2022-03-31,2.05,3.91,2.15,level,2.15,0.0,0.08000000000000007,0.0,0.0,2.05,3.8725,2.15,2.15,2022
2022-04-07,2.05,3.81,2.15,level,2.15,0.0,-0.10000000000000009,0.0,0.0,2.05,3.8875,2.15,2.15,2022
2022-04-14,2.05,3.81,2.15,level,2.15,0.0,0.0,0.0,0.0,2.05,3.84,2.15,2.15,2022
2022-04-21,2.05,3.81,2.15,level,2.15,0.0,0.0,0.0,0.0,2.05,3.835,2.15,2.15,2022
2022-04-28,2.05,3.94,2.15,level,2.15,0.0,0.1299999999999999,0.0,0.0,2.05,3.8425,2.15,2.15,2022
2022-05-05,2.05,3.94,2.15,level,2.15,0.0,0.0,0.0,0.0,2.05,3.875,2.15,2.15,2022
2022-05-12,2.05,4.31,2.15,level,2.15,0.0,0.36999999999999966,0.0,0.0,2.05,4.0,2.15,2.15,2022
2022-05-19,2.05,4.33,2.15,level,2.15,0.0,0.020000000000000462,0.0,0.0,2.05,4.13,2.15,2.15,2022
2022-05-26,2.05,4.7,2.15,level,2.15,0.0,0.3700000000000001,0.0,0.0,2.05,4.32,2.15,2.15,2022
2022-06-02,2.05,4.7,2.15,level,2.15,0.0,0.0,0.0,0.0,2.05,4.51,2.15,2.15,2022
2022-06-09,2.05,4.72,2.15,level,2.15,0.0,0.019999999999999574,0.0,0.0,2.05,4.6125,2.15,2.15,2022
2022-06-16,2.05,4.83,2.15,level,2.15,0.0,0.11000000000000032,0.0,0.0,2.05,4.7375,2.15,2.15,2022
2022-06-23,2.05,4.84,2.15,level,2.15,0.0,0.009999999999999787,0.0,0.0,2.05,4.7725,2.15,2.15,2022
2022-06-30,2.05,4.84,2.15,level,2.15,0.0,0.0,0.0,0.0,2.05,4.8075,2.15,2.15,2022
2022-07-07,2.05,4.8,2.15,level,2.15,0.0,-0.040000000000000036,0.0,0.0,2.05,4.827500000000001,2.15,2.15,2022
2022-07-14,2.05,4.75,2.15,level,2.15,0.0,-0.04999999999999982,0.0,0.0,2.05,4.807499999999999,2.15,2.15,2022
2022-07-21,2.05,4.65,2.15,level,2.15,0.0,-0.09999999999999964,0.0,0.0,2.05,4.76,2.15,2.15,2022
2022-07-28,2.05,4.55,2.15,level,2.15,0.0,-0.10000000000000053,0.0,0.0,2.05,4.6875,2.15,2.15,2022
2022-08-04,2.05,4.5,2.15,level,2.15,0.0,-0.04999999999999982,0.0,0.0,2.05,4.6125,2.15,2.15,2022
2022-08-11,2.05,4.4,2.15,level,2.15,0.0,-0.09999999999999964,0.0,0.0,2.05,4.525,2.15,2.15,2022
2022-08-18,2.05,4.35,2.15,level,2.15,0.0,-0.05000000000000071,0.0,0.0,2.05,4.45,2.15,2.15,2022
2022-08-25,2.05,4.3,2.15,level,2.15,0.0,-0.04999999999999982,0.0,0.0,2.05,4.387499999999999,2.15,2.15,2022
2022-09-01,2.05,4.3,2.15,level,2.15,0.0,0.0,0.0,0.0,2.05,4.3374999999999995,2.15,2.15,2022
2022-09-08,2.05,4.2,2.15,level,2.15,0.0,-0.09999999999999964,0.0,0.0,2.05,4.2875,2.15,2.15,2022
2022-09-14,2.05,4.15,2.15,level,2.15,0.0,-0.04999999999999982,0.0,0.0,2.05,4.2375,2.15,2.15,2022
2022-09-22,2.05,4.05,2.15,level,2.15,0.0,-0.10000000000000053,0.0,0.0,2.05,4.175,2.15,2.15,2022
2022-09-29,2.05,4.0,2.15,level,2.15,0.0,-0.04999999999999982,0.0,0.0,2.05,4.1,2.15,2.15,2022
2022-10-06,2.05,3.95,2.15,level,2.15,0.0,-0.04999999999999982,0.0,0.0,2.05,4.0375,2.15,2.15,2022
2022-10-13,2.05,3.95,2.15,level,2.15,0.0,0.0,0.0,0.0,2.05,3.9875,2.15,2.15,2022
2022-10-20,2.05,3.95,2.15,level,2.15,0.0,0.0,0.0,0.0,2.05,3.9625,2.15,2.15,2022
2022-10-27,2.05,3.95,2.15,level,2.15,0.0,0.0,0.0,0.0,2.05,3.95,2.15,2.15,2022
2022-11-03,2.05,3.95,2.15,level,2.15,0.0,0.0,0.0,0.0,2.05,3.95,2.15,2.15,2022
2022-11-10,2.05,3.95,2.15,level,2.15,0.0,0.0,0.0,0.0,2.05,3.95,2.15,2.15,2022
2022-11-17,2.05,3.95,2.15,level,2.15,0.0,0.0,0.0,0.0,2.05,3.95,2.15,2.15,2022
2022-11-24,2.05,3.95,2.15,level,2.15,0.0,0.0,0.0,0.0,2.05,3.95,2.15,2.15,2022
2022-12-01,2.05,3.85,2.15,level,2.15,0.0,-0.10000000000000009,0.0,0.0,2.05,3.9250000000000003,2.15,2.15,2022
2022-12-08,2.05,3.75,2.15,level,2.15,0.0,-0.10000000000000009,0.0,0.0,2.05,3.875,2.15,2.15,2022
2022-12-15,2.05,3.55,2.15,level,2.15,0.0,-0.20000000000000018,0.0,0.0,2.05,3.775,2.15,2.15,2022
2022-12-22,2.05,3.35,2.15,level,2.15,0.0,-0.19999999999999973,0.0,0.0,2.05,3.625,2.15,2.15,2022
2022-12-29,2.05,3.35,2.15,level,2.15,0.0,0.0,0.0,0.0,2.05,3.5,2.15,2.15,2022
2023-01-05,2.05,3.35,2.15,level,2.15,0.0,0.0,0.0,0.0,2.05,3.4,2.15,2.15,2023
2023-01-12,2.05,3.35,2.15,level,2.15,0.0,0.0,0.0,0.0,2.05,3.35,2.15,2.15,2023
2023-01-19,2.05,3.35,2.15,level,2.15,0.0,0.0,0.0,0.0,2.05,3.35,2.15,2.15,2023
2023-01-26,2.05,3.35,2.15,level,2.15,0.0,0.0,0.0,0.0,2.05,3.35,2.15,2.15,2023
2023-02-02,2.05,3.35,2.15,level,2.15,0.0,0.0,0.0,0.0,2.05,3.35,2.15,2.15,2023
2023-02-09,2.05,3.35,2.15,level,2.15,0.0,0.0,0.0,0.0,2.05,3.35,2.15,2.15,2023
2023-02-16,2.05,3.35,2.15,level,2.15,0.0,0.0,0.0,0.0,2.05,3.35,2.15,2.15,2023
2023-02-23,2.05,3.35,2.15,level,2.15,0.0,0.0,0.0,0.0,2.05,3.35,2.15,2.15,2023
2023-03-02,2.05,3.35,2.15,level,2.15,0.0,0.0,0.0,0.0,2.05,3.35,2.15,2.15,2023
2023-03-09,2.05,3.35,2.15,level,2.15,0.0,0.0,0.0,0.0,2.05,3.35,2.15,2.15,2023
2023-03-16,2.05,3.35,2.15,level,2.15,0.0,0.0,0.0,0.0,2.05,3.35,2.15,2.15,2023
2023-03-23,2.05,3.35,2.15,level,2.15,0.0,0.0,0.0,0.0,2.05,3.35,2.15,2.15,2023
2023-03-30,2.05,3.35,2.15,level,2.15,0.0,0.0,0.0,0.0,2.05,3.35,2.15,2.15,2023
2023-04-06,2.05,3.35,2.15,level,2.15,0.0,0.0,0.0,0.0,2.05,3.35,2.15,2.15,2023
2023-04-13,2.05,3.35,2.15,level,2.15,0.0,0.0,0.0,0.0,2.05,3.35,2.15,2.15,2023
2023-04-20,2.05,3.35,2.15,level,2.15,0.0,0.0,0.0,0.0,2.05,3.35,2.15,2.15,2023
2023-04-27,2.05,3.35,2.15,level,2.15,0.0,0.0,0.0,0.0,2.05,3.35,2.15,2.15,2023
2023-05-04,2.05,3.35,2.15,level,2.15,0.0,0.0,0.0,0.0,2.05,3.35,2.15,2.15,2023
2023-05-11,2.05,3.35,2.15,level,2.15,0.0,0.0,0.0,0.0,2.05,3.35,2.15,2.15,2023
2023-05-18,2.05,3.35,2.15,level,2.15,0.0,0.0,0.0,0.0,2.05,3.35,2.15,2.15,2023
2023-05-25,2.05,3.35,2.15,level,2.15,0.0,0.0,0.0,0.0,2.05,3.35,2.15,2.15,2023
2023-06-01,2.05,3.37,2.15,level,2.15,0.0,0.020000000000000018,0.0,0.0,2.05,3.3550000000000004,2.15,2.15,2023
2023-06-08,2.05,3.37,2.15,level,2.15,0.0,0.0,0.0,0.0,2.05,3.36,2.15,2.15,2023
2023-06-15,2.05,3.37,2.15,level,2.15,0.0,0.0,0.0,0.0,2.05,3.365,2.15,2.15,2023
2023-06-22,2.05,3.37,2.15,level,2.15,0.0,0.0,0.0,0.0,2.05,3.37,2.15,2.15,2023
2023-06-29,2.05,3.37,2.15,level,2.15,0.0,0.0,0.0,0.0,2.05,3.37,2.15,2.15,2023
2023-07-06,2.05,3.37,2.15,level,2.15,0.0,0.0,0.0,0.0,2.05,3.37,2.15,2.15,2023
2023-07-13,2.05,3.37,2.15,level,2.15,0.0,0.0,0.0,0.0,2.05,3.37,2.15,2.15,2023
2023-07-20,2.05,3.37,2.15,level,2.15,0.0,0.0,0.0,0.0,2.05,3.37,2.15,2.15,2023
2023-07-27,2.05,3.37,2.15,level,2.15,0.0,0.0,0.0,0.0,2.05,3.37,2.15,2.15,2023
2023-08-03,2.05,3.37,2.15,level,2.15,0.0,0.0,0.0,0.0,2.05,3.37,2.15,2.15,2023
2023-08-10,2.05,3.37,2.15,level,2.15,0.0,0.0,0.0,0.0,2.05,3.37,2.15,2.15,2023
2023-08-17,2.05,3.37,2.15,level,2.15,0.0,0.0,0.0,0.0,2.05,3.37,2.15,2.15,2023
2023-08-24,2.05,3.37,2.15,level,2.15,0.0,0.0,0.0,0.0,2.05,3.37,2.15,2.15,2023
2023-08-31,2.05,3.37,2.15,level,2.15,0.0,0.0,0.0,0.0,2.05,3.37,2.15,2.15,2023
2023-09-07,2.05,3.37,2.15,level,2.15,0.0,0.0,0.0,0.0,2.05,3.37,2.15,2.15,2023
2023-09-14,2.05,3.37,2.15,level,2.15,0.0,0.0,0.0,0.0,2.05,3.37,2.15,2.15,2023
2023-09-21,2.05,3.37,2.15,level,2.15,0.0,0.0,0.0,0.0,2.05,3.37,2.15,2.15,2023
2023-09-28,2.05,3.37,2.15,level,2.15,0.0,0.0,0.0,0.0,2.05,3.37,2.15,2.15,2023
2023-10-05,2.05,3.37,2.15,level,2.15,0.0,0.0,0.0,0.0,2.05,3.37,2.15,2.15,2023
2023-10-12,2.05,3.37,2.15,level,2.15,0.0,0.0,0.0,0.0,2.05,3.37,2.15,2.15,2023
2023-10-19,2.05,3.47,2.15,level,2.15,0.0,0.10000000000000009,0.0,0.0,2.05,3.395,2.15,2.15,2023
2023-10-26,2.05,3.47,2.15,level,2.15,0.0,0.0,0.0,0.0,2.05,3.42,2.15,2.15,2023
2023-11-02,2.05,3.47,2.15,level,2.15,0.0,0.0,0.0,0.0,2.05,3.445,2.15,2.15,2023
2023-11-09,2.05,3.47,2.15,level,2.15,0.0,0.0,0.0,0.0,2.05,3.47,2.15,2.15,2023
2023-11-16,2.05,3.47,2.15,level,2.15,0.0,0.0,0.0,0.0,2.05,3.47,2.15,2.15,2023
2023-11-23,2.05,3.47,2.15,level,2.15,0.0,0.0,0.0,0.0,2.05,3.47,2.15,2.15,2023
2023-11-30,2.05,3.47,2.15,level,2.15,0.0,0.0,0.0,0.0,2.05,3.47,2.15,2.15,2023
2023-12-07,2.05,3.47,2.15,level,2.15,0.0,0.0,0.0,0.0,2.05,3.47,2.15,2.15,2023
2023-12-14,2.05,3.47,2.15,level,2.15,0.0,0.0,0.0,0.0,2.05,3.47,2.15,2.15,2023
2023-12-21,2.05,3.47,2.15,level,2.15,0.0,0.0,0.0,0.0,2.05,3.47,2.15,2.15,2023
2023-12-28,2.05,3.47,2.15,level,2.15,0.0,0.0,0.0,0.0,2.05,3.47,2.15,2.15,2023
2024-01-04,2.05,3.47,2.15,level,2.15,0.0,0.0,0.0,0.0,2.05,3.47,2.15,2.15,2024
2024-01-11,2.05,3.47,2.15,level,2.15,0.0,0.0,0.0,0.0,2.05,3.47,2.15,2.15,2024
2024-01-18,2.05,3.47,2.15,level,2.15,0.0,0.0,0.0,0.0,2.05,3.47,2.15,2.15,2024
2024-01-25,2.05,3.47,2.15,level,2.15,0.0,0.0,0.0,0.0,2.05,3.47,2.15,2.15,2024
2024-02-01,2.05,3.47,2.15,level,2.15,0.0,0.0,0.0,0.0,2.05,3.47,2.15,2.15,2024
2024-02-08,2.05,3.47,2.15,level,2.15,0.0,0.0,0.0,0.0,2.05,3.47,2.15,2.15,2024
2024-02-15,2.05,3.47,2.15,level,2.15,0.0,0.0,0.0,0.0,2.05,3.47,2.15,2.15,2024
2024-02-22,2.05,3.47,2.15,level,2.15,0.0,0.0,0.0,0.0,2.05,3.47,2.15,2.15,2024
2024-02-29,2.05,3.47,2.15,level,2.15,0.0,0.0,0.0,0.0,2.05,3.47,2.15,2.15,2024
2024-03-07,2.05,3.47,2.15,level,2.15,0.0,0.0,0.0,0.0,2.05,3.47,2.15,2.15,2024
2024-03-14,2.05,3.47,2.15,level,2.15,0.0,0.0,0.0,0.0,2.05,3.47,2.15,2.15,2024
2024-03-21,2.05,3.47,2.15,level,2.15,0.0,0.0,0.0,0.0,2.05,3.47,2.15,2.15,2024
2024-03-28,2.05,3.47,2.15,level,2.15,0.0,0.0,0.0,0.0,2.05,3.47,2.15,2.15,2024
2024-04-04,2.05,3.47,2.15,level,2.15,0.0,0.0,0.0,0.0,2.05,3.47,2.15,2.15,2024
2024-04-11,2.05,3.47,2.15,level,2.15,0.0,0.0,0.0,0.0,2.05,3.47,2.15,2.15,2024
2024-04-18,2.05,3.47,2.15,level,2.15,0.0,0.0,0.0,0.0,2.05,3.47,2.15,2.15,2024
2024-04-25,2.05,3.47,2.15,level,2.15,0.0,0.0,0.0,0.0,2.05,3.47,2.15,2.15,2024
2024-05-02,2.05,3.47,2.15,level,2.15,0.0,0.0,0.0,0.0,2.05,3.47,2.15,2.15,2024
2024-05-09,2.05,3.47,2.15,level,2.15,0.0,0.0,0.0,0.0,2.05,3.47,2.15,2.15,2024
2024-05-16,2.05,3.47,2.15,level,2.15,0.0,0.0,0.0,0.0,2.05,3.47,2.15,2.15,2024
2024-05-23,2.05,3.47,2.15,level,2.15,0.0,0.0,0.0,0.0,2.05,3.47,2.15,2.15,2024
2024-05-30,2.05,3.47,2.15,level,2.15,0.0,0.0,0.0,0.0,2.05,3.47,2.15,2.15,2024
2024-06-06,2.05,3.47,2.15,level,2.15,0.0,0.0,0.0,0.0,2.05,3.47,2.15,2.15,2024
2024-06-10,2.05,3.47,3.35,level,2.15,0.0,0.0,1.2000000000000002,0.0,2.05,3.47,2.45,2.15,2024
2024-06-13,2.05,3.47,3.35,level,2.15,0.0,0.0,0.0,0.0,2.05,3.47,2.75,2.15,2024
2024-06-20,2.05,3.47,3.35,level,2.15,0.0,0.0,0.0,0.0,2.05,3.47,3.0500000000000003,2.15,2024
2024-06-27,2.05,3.47,3.35,level,2.15,0.0,0.0,0.0,0.0,2.05,3.47,3.35,2.15,2024
2024-07-04,2.05,3.47,3.35,level,2.15,0.0,0.0,0.0,0.0,2.05,3.47,3.35,2.15,2024
2024-07-11,2.05,3.47,3.35,level,2.15,0.0,0.0,0.0,0.0,2.05,3.47,3.35,2.15,2024
2024-07-18,2.05,3.47,3.35,level,2.15,0.0,0.0,0.0,0.0,2.05,3.47,3.35,2.15,2024
2024-07-25,2.05,3.47,3.35,level,2.15,0.0,0.0,0.0,0.0,2.05,3.47,3.35,2.15,2024
2024-08-01,2.05,3.47,3.35,level,2.15,0.0,0.0,0.0,0.0,2.05,3.47,3.35,2.15,2024
2024-08-08,2.05,3.47,3.3,level,2.15,0.0,0.0,-0.050000000000000266,0.0,2.05,3.47,3.3375,2.15,2024
2024-08-15,2.05,3.47,3.25,level,2.15,0.0,0.0,-0.04999999999999982,0.0,2.05,3.47,3.3125,2.15,2024
2024-08-22,2.05,3.47,3.23,level,2.15,0.0,0.0,-0.020000000000000018,0.0,2.05,3.47,3.2825,2.15,2024
2024-08-29,2.05,3.42,3.18,level,2.15,0.0,-0.050000000000000266,-0.04999999999999982,0.0,2.05,3.4575000000000005,3.24,2.15,2024
2024-09-05,2.05,3.4,3.16,level,2.15,0.0,-0.020000000000000018,-0.020000000000000018,0.0,2.05,3.44,3.205,2.15,2024
2024-09-12,2.05,3.25,3.01,level,2.15,0.0,-0.1499999999999999,-0.15000000000000036,0.0,2.05,3.385,3.145,2.15,2024
2024-09-19,2.05,3.19,2.95,level,2.15,0.0,-0.06000000000000005,-0.05999999999999961,0.0,2.05,3.3150000000000004,3.075,2.15,2024
2024-09-26,2.05,3.19,2.95,level,2.15,0.0,0.0,0.0,0.0,2.05,3.2575,3.0175,2.15,2024
2024-10-03,2.05,3.19,2.95,level,2.15,0.0,0.0,0.0,0.0,2.05,3.205,2.965,2.15,2024
2024-10-10,2.05,3.19,2.95,level,2.15,0.0,0.0,0.0,0.0,2.05,3.19,2.95,2.15,2024
2024-10-17,2.05,3.19,2.95,level,2.15,0.0,0.0,0.0,0.0,2.05,3.19,2.95,2.15,2024
2024-10-24,2.05,3.19,2.95,level,2.15,0.0,0.0,0.0,0.0,2.05,3.19,2.95,2.15,2024
2024-10-31,2.05,3.19,2.95,level,2.15,0.0,0.0,0.0,0.0,2.05,3.19,2.95,2.15,2024
2024-11-07,2.05,3.19,2.95,level,2.15,0.0,0.0,0.0,0.0,2.05,3.19,2.95,2.15,2024
2024-11-14,2.05,3.19,2.95,level,2.15,0.0,0.0,0.0,0.0,2.05,3.19,2.95,2.15,2024
2024-11-21,2.05,3.19,2.95,level,2.15,0.0,0.0,0.0,0.0,2.05,3.19,2.95,2.15,2024
2024-11-28,2.05,3.19,2.95,level,2.15,0.0,0.0,0.0,0.0,2.05,3.19,2.95,2.15,2024
2024-12-05,2.05,3.19,2.95,level,2.15,0.0,0.0,0.0,0.0,2.05,3.19,2.95,2.15,2024
2024-12-12,2.05,3.19,2.95,level,2.15,0.0,0.0,0.0,0.0,2.05,3.19,2.95,2.15,2024
2024-12-19,2.05,3.22,2.95,level,2.15,0.0,0.03000000000000025,0.0,0.0,2.05,3.1975,2.95,2.15,2024
2024-12-26,2.05,3.25,2.95,level,2.15,0.0,0.029999999999999805,0.0,0.0,2.05,3.2125,2.95,2.15,2024
2025-01-02,2.05,3.28,2.98,level,2.15,0.0,0.029999999999999805,0.029999999999999805,0.0,2.05,3.2350000000000003,2.9575,2.15,2025
2025-01-09,2.05,3.33,3.03,level,2.15,0.0,0.050000000000000266,0.04999999999999982,0.0,2.05,3.2699999999999996,2.9775,2.15,2025
2025-01-16,2.05,3.38,3.08,level,2.15,0.0,0.04999999999999982,0.050000000000000266,0.0,2.05,3.31,3.01,2.15,2025
2025-01-23,2.05,3.43,3.13,level,2.15,0.0,0.050000000000000266,0.04999999999999982,0.0,2.05,3.355,3.055,2.15,2025
2025-01-30,2.05,3.43,3.18,level,2.15,0.0,0.0,0.050000000000000266,0.0,2.05,3.3925,3.105,2.15,2025
2025-02-06,2.05,3.43,3.18,level,2.15,0.0,0.0,0.0,0.0,2.05,3.4175,3.1425,2.15,2025
2025-02-13,2.05,3.43,3.18,level,2.15,0.0,0.0,0.0,0.0,2.05,3.43,3.1675,2.15,2025
2025-02-20,2.05,3.43,3.18,level,2.15,0.0,0.0,0.0,0.0,2.05,3.43,3.18,2.15,2025
2025-02-27,2.05,3.43,3.18,level,2.15,0.0,0.0,0.0,0.0,2.05,3.43,3.18,2.15,2025
2025-03-06,2.05,3.38,3.13,level,2.15,0.0,-0.050000000000000266,-0.050000000000000266,0.0,2.05,3.4175,3.1675,2.15,2025
2025-03-13,2.05,3.28,3.06,level,2.15,0.0,-0.10000000000000009,-0.06999999999999984,0.0,2.05,3.38,3.1375,2.15,2025
2025-03-20,2.05,3.28,3.03,level,2.15,0.0,0.0,-0.03000000000000025,0.0,2.05,3.3425000000000002,3.1,2.15,2025
2025-03-27,2.05,3.28,3.03,level,2.15,0.0,0.0,0.0,0.0,2.05,3.305,3.0625,2.15,2025
2025-04-03,2.05,3.33,3.03,level,2.15,0.0,0.050000000000000266,0.0,0.0,2.05,3.2925,3.0374999999999996,2.15,2025
2025-04-10,2.05,3.28,2.98,level,2.15,0.0,-0.050000000000000266,-0.04999999999999982,0.0,2.05,3.2925,3.0175,2.15,2025
2025-04-17,2.05,3.18,2.88,level,2.15,0.0,-0.09999999999999964,-0.10000000000000009,0.0,2.05,3.2675,2.9799999999999995,2.15,2025
2025-04-24,2.05,3.18,2.88,level,2.15,0.0,0.0,0.0,0.0,2.05,3.2424999999999997,2.9425,2.15,2025
2025-05-01,2.05,3.18,2.88,level,2.15,0.0,0.0,0.0,0.0,2.05,3.205,2.9050000000000002,2.15,2025
2025-05-08,2.05,3.1,2.8,level,2.15,0.0,-0.08000000000000007,-0.08000000000000007,0.0,2.05,3.16,2.86,2.15,2025
2025-05-15,2.05,3.07,2.77,level,2.15,0.0,-0.03000000000000025,-0.029999999999999805,0.0,2.05,3.1325000000000003,2.8324999999999996,2.15,2025
2025-05-22,2.05,3.1,2.8,level,2.15,0.0,0.03000000000000025,0.029999999999999805,0.0,2.05,3.1125000000000003,2.8125,2.15,2025
2025-05-29,2.05,3.1,2.77,level,2.15,0.0,0.0,-0.029999999999999805,0.0,2.05,3.0925,2.785,2.15,2025
2025-06-05,2.05,3.07,2.74,level,2.15,0.0,-0.03000000000000025,-0.029999999999999805,0.0,2.05,3.085,2.77,2.15,2025
